city_ascii,lat_us,lng_us,country_foreign,language,English,Spanish,French,Arabic,German,Italian,Portuguese,Dutch
Los Angeles,34.1139,-118.4068,Chile,['Spanish'],False,True,False,False,False,False,False,False
San Francisco,37.7562,-122.443,El Salvador,['Spanish'],False,True,False,False,False,False,False,False
San Francisco,37.7562,-122.443,Argentina,['Spanish'],False,True,False,False,False,False,False,False
Portland,45.5371,-122.65,Australia,['English'],True,False,False,False,False,False,False,False
Portland,43.6773,-70.2715,Australia,['English'],True,False,False,False,False,False,False,False
Portland,27.8913,-97.328,Australia,['English'],True,False,False,False,False,False,False,False
Portland,36.5883,-86.5194,Australia,['English'],True,False,False,False,False,False,False,False
Portland,40.4377,-84.9835,Australia,['English'],True,False,False,False,False,False,False,False
Portland,42.8696,-84.899,Australia,['English'],True,False,False,False,False,False,False,False
Portland,41.5988,-72.589,Australia,['English'],True,False,False,False,False,False,False,False
San Antonio,29.4658,-98.5254,Chile,['Spanish'],False,True,False,False,False,False,False,False
San Antonio,29.4658,-98.5254,Puerto Rico,"['Spanish', 'English']",True,True,False,False,False,False,False,False
San Jose,37.3021,-121.8489,Costa Rica,['Spanish'],False,True,False,False,False,False,False,False
San Jose,37.3021,-121.8489,Uruguay,['Spanish'],False,True,False,False,False,False,False,False
San Jose,37.3021,-121.8489,Philippines,"['Filipino', 'English']",True,False,False,False,False,False,False,False
San Jose,37.3021,-121.8489,Philippines,"['Filipino', 'English']",True,False,False,False,False,False,False,False
Richmond,37.5295,-77.4756,New Zealand,"['English', 'Maori']",True,False,False,False,False,False,False,False
Richmond,37.5295,-77.4756,Australia,['English'],True,False,False,False,False,False,False,False
Richmond,37.5295,-77.4756,Australia,['English'],True,False,False,False,False,False,False,False
Richmond,37.9477,-122.339,New Zealand,"['English', 'Maori']",True,False,False,False,False,False,False,False
Richmond,37.9477,-122.339,Australia,['English'],True,False,False,False,False,False,False,False
Richmond,37.9477,-122.339,Australia,['English'],True,False,False,False,False,False,False,False
Richmond,39.8318,-84.8904,New Zealand,"['English', 'Maori']",True,False,False,False,False,False,False,False
Richmond,39.8318,-84.8904,Australia,['English'],True,False,False,False,False,False,False,False
Richmond,39.8318,-84.8904,Australia,['English'],True,False,False,False,False,False,False,False
Richmond,37.7306,-84.2926,New Zealand,"['English', 'Maori']",True,False,False,False,False,False,False,False
Richmond,37.7306,-84.2926,Australia,['English'],True,False,False,False,False,False,False,False
Richmond,37.7306,-84.2926,Australia,['English'],True,False,False,False,False,False,False,False
Richmond,29.5824,-95.7602,New Zealand,"['English', 'Maori']",True,False,False,False,False,False,False,False
Richmond,29.5824,-95.7602,Australia,['English'],True,False,False,False,False,False,False,False
Richmond,29.5824,-95.7602,Australia,['English'],True,False,False,False,False,False,False,False
Richmond,42.8094,-82.7517,New Zealand,"['English', 'Maori']",True,False,False,False,False,False,False,False
Richmond,42.8094,-82.7517,Australia,['English'],True,False,False,False,False,False,False,False
Richmond,42.8094,-82.7517,Australia,['English'],True,False,False,False,False,False,False,False
Richmond,39.2755,-93.9731,New Zealand,"['English', 'Maori']",True,False,False,False,False,False,False,False
Richmond,39.2755,-93.9731,Australia,['English'],True,False,False,False,False,False,False,False
Richmond,39.2755,-93.9731,Australia,['English'],True,False,False,False,False,False,False,False
Richmond,41.4983,-71.6608,New Zealand,"['English', 'Maori']",True,False,False,False,False,False,False,False
Richmond,41.4983,-71.6608,Australia,['English'],True,False,False,False,False,False,False,False
Richmond,41.4983,-71.6608,Australia,['English'],True,False,False,False,False,False,False,False
Birmingham,33.5277,-86.7987,United Kingdom,['English'],True,False,False,False,False,False,False,False
Birmingham,42.5447,-83.2166,United Kingdom,['English'],True,False,False,False,False,False,False,False
Rochester,43.168,-77.6162,United Kingdom,['English'],True,False,False,False,False,False,False,False
Rochester,44.0151,-92.4778,United Kingdom,['English'],True,False,False,False,False,False,False,False
Rochester,43.299,-70.9787,United Kingdom,['English'],True,False,False,False,False,False,False,False
Rochester,42.6866,-83.1197,United Kingdom,['English'],True,False,False,False,False,False,False,False
Rochester,41.059,-86.196,United Kingdom,['English'],True,False,False,False,False,False,False,False
Rochester,41.76,-70.8385,United Kingdom,['English'],True,False,False,False,False,False,False,False
Albany,42.6664,-73.7987,Australia,['English'],True,False,False,False,False,False,False,False
Albany,37.8898,-122.3018,Australia,['English'],True,False,False,False,False,False,False,False
Albany,31.5776,-84.1762,Australia,['English'],True,False,False,False,False,False,False,False
Albany,44.6275,-123.0966,Australia,['English'],True,False,False,False,False,False,False,False
Worcester,42.2705,-71.8079,South Africa,"['Afrikaans', 'English', 'isiXhosa', 'isiZulu', 'Sesotho', 'Setswana', 'siSwati', 'Tshivenda', 'Xitsonga', 'Sepedi', 'isiNdebele']",True,False,False,False,False,False,False,False
Worcester,42.2705,-71.8079,United Kingdom,['English'],True,False,False,False,False,False,False,False
Toledo,41.6639,-83.5822,Spain,['Spanish'],False,True,False,False,False,False,False,False
Greenville,34.8362,-82.3649,Liberia,['English'],True,False,False,False,False,False,False,False
Greenville,35.5956,-77.3768,Liberia,['English'],True,False,False,False,False,False,False,False
Greenville,33.385,-91.0514,Liberia,['English'],True,False,False,False,False,False,False,False
Greenville,33.1116,-96.1099,Liberia,['English'],True,False,False,False,False,False,False,False
Greenville,40.1043,-84.6209,Liberia,['English'],True,False,False,False,False,False,False,False
Greenville,41.4052,-80.3837,Liberia,['English'],True,False,False,False,False,False,False,False
Greenville,43.1797,-85.2533,Liberia,['English'],True,False,False,False,False,False,False,False
Greenville,41.88,-71.5549,Liberia,['English'],True,False,False,False,False,False,False,False
Greenville,40.9982,-73.8194,Liberia,['English'],True,False,False,False,False,False,False,False
Greenville,38.8866,-89.3893,Liberia,['English'],True,False,False,False,False,False,False,False
Greenville,31.8437,-86.6379,Liberia,['English'],True,False,False,False,False,False,False,False
Durham,35.9795,-78.9032,United Kingdom,['English'],True,False,False,False,False,False,False,False
Durham,43.1174,-70.9195,United Kingdom,['English'],True,False,False,False,False,False,False,False
Durham,41.4622,-72.6829,United Kingdom,['English'],True,False,False,False,False,False,False,False
Durham,39.6232,-121.7875,United Kingdom,['English'],True,False,False,False,False,False,False,False
Santa Ana,33.7366,-117.8819,El Salvador,['Spanish'],False,True,False,False,False,False,False,False
Santa Rosa,38.4458,-122.7067,Argentina,['Spanish'],False,True,False,False,False,False,False,False
Santa Rosa,38.4458,-122.7067,Brazil,['Portuguese'],False,False,False,False,False,False,True,False
Lincoln,40.8088,-96.6796,United Kingdom,['English'],True,False,False,False,False,False,False,False
Lincoln,40.8088,-96.6796,Argentina,['Spanish'],False,True,False,False,False,False,False,False
Lincoln,38.8759,-121.2916,United Kingdom,['English'],True,False,False,False,False,False,False,False
Lincoln,38.8759,-121.2916,Argentina,['Spanish'],False,True,False,False,False,False,False,False
Lincoln,41.9171,-71.4505,United Kingdom,['English'],True,False,False,False,False,False,False,False
Lincoln,41.9171,-71.4505,Argentina,['Spanish'],False,True,False,False,False,False,False,False
Lincoln,40.1509,-89.3721,United Kingdom,['English'],True,False,False,False,False,False,False,False
Lincoln,40.1509,-89.3721,Argentina,['Spanish'],False,True,False,False,False,False,False,False
Lincoln,42.4266,-71.3086,United Kingdom,['English'],True,False,False,False,False,False,False,False
Lincoln,42.4266,-71.3086,Argentina,['Spanish'],False,True,False,False,False,False,False,False
Lincoln,33.5935,-86.1372,United Kingdom,['English'],True,False,False,False,False,False,False,False
Lincoln,33.5935,-86.1372,Argentina,['Spanish'],False,True,False,False,False,False,False,False
Irvine,33.6772,-117.7738,United Kingdom,['English'],True,False,False,False,False,False,False,False
Reading,40.34,-75.9267,United Kingdom,['English'],True,False,False,False,False,False,False,False
Reading,42.5351,-71.1056,United Kingdom,['English'],True,False,False,False,False,False,False,False
Reading,39.2241,-84.4332,United Kingdom,['English'],True,False,False,False,False,False,False,False
Salem,44.9232,-123.0245,India,"['Hindi', 'English']",True,False,False,False,False,False,False,False
Salem,42.5129,-70.902,India,"['Hindi', 'English']",True,False,False,False,False,False,False,False
Salem,42.7902,-71.2203,India,"['Hindi', 'English']",True,False,False,False,False,False,False,False
Salem,37.2864,-80.0555,India,"['Hindi', 'English']",True,False,False,False,False,False,False,False
Salem,40.9049,-80.8491,India,"['Hindi', 'English']",True,False,False,False,False,False,False,False
Salem,40.054,-111.6721,India,"['Hindi', 'English']",True,False,False,False,False,False,False,False
Salem,38.6278,-88.9579,India,"['Hindi', 'English']",True,False,False,False,False,False,False,False
Salem,38.6048,-86.0977,India,"['Hindi', 'English']",True,False,False,False,False,False,False,False
Salem,39.5681,-75.4724,India,"['Hindi', 'English']",True,False,False,False,False,False,False,False
Scottsdale,33.6872,-111.8651,Australia,['English'],True,False,False,False,False,False,False,False
York,39.9651,-76.7315,United Kingdom,['English'],True,False,False,False,False,False,False,False
York,43.186,-70.6661,United Kingdom,['English'],True,False,False,False,False,False,False,False
York,34.9967,-81.234,United Kingdom,['English'],True,False,False,False,False,False,False,False
York,40.8698,-97.5943,United Kingdom,['English'],True,False,False,False,False,False,False,False
Fontana,34.0968,-117.4599,Malta,"['Maltese', 'English']",True,False,False,False,False,False,False,False
Santa Barbara,34.4285,-119.7202,Honduras,['Spanish'],False,True,False,False,False,False,False,False
Santa Barbara,34.4285,-119.7202,Mexico,['Spanish'],False,True,False,False,False,False,False,False
Santa Barbara,34.4285,-119.7202,Puerto Rico,"['Spanish', 'English']",True,True,False,False,False,False,False,False
Santa Barbara,34.4285,-119.7202,Chile,['Spanish'],False,True,False,False,False,False,False,False
Norwich,41.5495,-72.0882,United Kingdom,['English'],True,False,False,False,False,False,False,False
Norwich,42.5333,-75.5227,United Kingdom,['English'],True,False,False,False,False,False,False,False
Salinas,36.6884,-121.6317,Puerto Rico,"['Spanish', 'English']",True,True,False,False,False,False,False,False
Salinas,36.6884,-121.6317,Ecuador,['Spanish'],False,True,False,False,False,False,False,False
Santa Cruz,36.9789,-122.0346,Bolivia,"['Spanish', 'Quechua', 'Aymara']",False,True,False,False,False,False,False,False
Santa Cruz,36.9789,-122.0346,Brazil,['Portuguese'],False,False,False,False,False,False,True,False
Santa Cruz,36.9789,-122.0346,Philippines,"['Filipino', 'English']",True,False,False,False,False,False,False,False
Santa Cruz,36.9789,-122.0346,Ecuador,['Spanish'],False,True,False,False,False,False,False,False
Vancouver,45.6367,-122.597,Canada,"['English', 'French']",True,False,True,False,False,False,False,False
Manchester,42.9848,-71.4447,United Kingdom,['English'],True,False,False,False,False,False,False,False
Manchester,41.7753,-72.5242,United Kingdom,['English'],True,False,False,False,False,False,False,False
Manchester,39.9651,-74.3738,United Kingdom,['English'],True,False,False,False,False,False,False,False
Manchester,38.583,-90.5065,United Kingdom,['English'],True,False,False,False,False,False,False,False
Manchester,35.463,-86.0774,United Kingdom,['English'],True,False,False,False,False,False,False,False
Manchester,37.4902,-77.5396,United Kingdom,['English'],True,False,False,False,False,False,False,False
Manchester,47.5519,-122.5517,United Kingdom,['English'],True,False,False,False,False,False,False,False
Manchester,39.6584,-76.8881,United Kingdom,['English'],True,False,False,False,False,False,False,False
Manchester,37.1464,-83.7635,United Kingdom,['English'],True,False,False,False,False,False,False,False
Alexandria,38.8185,-77.0861,Egypt,['Arabic'],False,False,False,True,False,False,False,False
Alexandria,38.8185,-77.0861,Romania,['Romanian'],False,False,False,False,False,False,False,False
Alexandria,31.2923,-92.4702,Egypt,['Arabic'],False,False,False,True,False,False,False,False
Alexandria,31.2923,-92.4702,Romania,['Romanian'],False,False,False,False,False,False,False,False
Alexandria,45.8777,-95.3766,Egypt,['Arabic'],False,False,False,True,False,False,False,False
Alexandria,45.8777,-95.3766,Romania,['Romanian'],False,False,False,False,False,False,False,False
Alexandria,38.9622,-84.386,Egypt,['Arabic'],False,False,False,True,False,False,False,False
Alexandria,38.9622,-84.386,Romania,['Romanian'],False,False,False,False,False,False,False,False
Alexandria,40.2583,-85.676,Egypt,['Arabic'],False,False,False,True,False,False,False,False
Alexandria,40.2583,-85.676,Romania,['Romanian'],False,False,False,False,False,False,False,False
Panama City,30.1995,-85.6003,Panama,['Spanish'],False,True,False,False,False,False,False,False
Orange,33.8038,-117.8218,Australia,['English'],True,False,False,False,False,False,False,False
Orange,30.121,-93.7616,Australia,['English'],True,False,False,False,False,False,False,False
Orange,41.2827,-73.0272,Australia,['English'],True,False,False,False,False,False,False,False
Orange,38.2486,-78.1127,Australia,['English'],True,False,False,False,False,False,False,False
Orange,42.6066,-72.2931,Australia,['English'],True,False,False,False,False,False,False,False
Santa Maria,34.9333,-120.4432,Brazil,['Portuguese'],False,False,False,False,False,False,True,False
Athens,33.9508,-83.3689,Greece,['Greek'],False,False,False,False,False,False,False,False
Athens,39.3269,-82.0987,Greece,['Greek'],False,False,False,False,False,False,False,False
Athens,34.7847,-86.951,Greece,['Greek'],False,False,False,False,False,False,False,False
Athens,35.4573,-84.6045,Greece,['Greek'],False,False,False,False,False,False,False,False
Athens,32.2041,-95.8321,Greece,['Greek'],False,False,False,False,False,False,False,False
Santa Clara,37.3646,-121.968,Cuba,['Spanish'],False,True,False,False,False,False,False,False
Santa Clara,37.1311,-113.656,Cuba,['Spanish'],False,True,False,False,False,False,False,False
Fort Smith,35.3493,-94.3695,Canada,"['English', 'French']",True,False,True,False,False,False,False,False
Amherst,43.0117,-78.7569,Canada,"['English', 'French']",True,False,True,False,False,False,False,False
Amherst,42.3645,-72.5069,Canada,"['English', 'French']",True,False,True,False,False,False,False,False
Amherst,41.4022,-82.2303,Canada,"['English', 'French']",True,False,True,False,False,False,False,False
Amherst,42.8705,-71.6068,Canada,"['English', 'French']",True,False,True,False,False,False,False,False
Dover,39.161,-75.5203,United Kingdom,['English'],True,False,False,False,False,False,False,False
Dover,40.8859,-74.5597,United Kingdom,['English'],True,False,False,False,False,False,False,False
Dover,40.0033,-76.8484,United Kingdom,['English'],True,False,False,False,False,False,False,False
Dover,43.1887,-70.8845,United Kingdom,['English'],True,False,False,False,False,False,False,False
Dover,40.5302,-81.4805,United Kingdom,['English'],True,False,False,False,False,False,False,False
Dover,41.6839,-73.5739,United Kingdom,['English'],True,False,False,False,False,False,False,False
Dover,42.2366,-71.2842,United Kingdom,['English'],True,False,False,False,False,False,False,False
Cambridge,42.3759,-71.1185,United Kingdom,['English'],True,False,False,False,False,False,False,False
Cambridge,42.3759,-71.1185,New Zealand,"['English', 'Maori']",True,False,False,False,False,False,False,False
Cambridge,45.5612,-93.2283,United Kingdom,['English'],True,False,False,False,False,False,False,False
Cambridge,45.5612,-93.2283,New Zealand,"['English', 'Maori']",True,False,False,False,False,False,False,False
Cambridge,40.0221,-81.5868,United Kingdom,['English'],True,False,False,False,False,False,False,False
Cambridge,40.0221,-81.5868,New Zealand,"['English', 'Maori']",True,False,False,False,False,False,False,False
Cambridge,38.5515,-76.0787,United Kingdom,['English'],True,False,False,False,False,False,False,False
Cambridge,38.5515,-76.0787,New Zealand,"['English', 'Maori']",True,False,False,False,False,False,False,False
Brandon,27.9367,-82.3,Canada,"['English', 'French']",True,False,True,False,False,False,False,False
Brandon,32.2778,-89.9896,Canada,"['English', 'French']",True,False,True,False,False,False,False,False
Brandon,43.5928,-96.5799,Canada,"['English', 'French']",True,False,True,False,False,False,False,False
Elgin,42.0385,-88.3229,United Kingdom,['English'],True,False,False,False,False,False,False,False
Elgin,30.3512,-97.3876,United Kingdom,['English'],True,False,False,False,False,False,False,False
Santa Fe,35.6619,-105.9819,Argentina,['Spanish'],False,True,False,False,False,False,False,False
Santa Fe,29.3891,-95.1005,Argentina,['Spanish'],False,True,False,False,False,False,False,False
Levittown,40.7241,-73.5125,Puerto Rico,"['Spanish', 'English']",True,True,False,False,False,False,False,False
Levittown,40.1537,-74.853,Puerto Rico,"['Spanish', 'English']",True,True,False,False,False,False,False,False
Ceres,37.5953,-120.9625,Brazil,['Portuguese'],False,False,False,False,False,False,True,False
San Gabriel,34.0948,-118.099,Ecuador,['Spanish'],False,True,False,False,False,False,False,False
Belleville,40.795,-74.1616,Canada,"['English', 'French']",True,False,True,False,False,False,False,False
Belleville,38.5165,-89.99,Canada,"['English', 'French']",True,False,True,False,False,False,False,False
Chester,39.8456,-75.3719,United Kingdom,['English'],True,False,False,False,False,False,False,False
Chester,37.3531,-77.4342,United Kingdom,['English'],True,False,False,False,False,False,False,False
Chester,34.705,-81.2132,United Kingdom,['English'],True,False,False,False,False,False,False,False
Chester,37.92,-89.826,United Kingdom,['English'],True,False,False,False,False,False,False,False
Chester,41.357,-74.2769,United Kingdom,['English'],True,False,False,False,False,False,False,False
San Pablo,37.9628,-122.3425,Philippines,"['Filipino', 'English']",True,False,False,False,False,False,False,False
San Carlos,37.4982,-122.268,Venezuela,['Spanish'],False,True,False,False,False,False,False,False
San Carlos,37.4982,-122.268,Nicaragua,['Spanish'],False,True,False,False,False,False,False,False
San Carlos,37.4982,-122.268,Philippines,"['Filipino', 'English']",True,False,False,False,False,False,False,False
San Carlos,37.4982,-122.268,Bolivia,"['Spanish', 'Quechua', 'Aymara']",False,True,False,False,False,False,False,False
Winchester,36.1368,-115.1299,United Kingdom,['English'],True,False,False,False,False,False,False,False
Winchester,39.1735,-78.1746,United Kingdom,['English'],True,False,False,False,False,False,False,False
Winchester,38.0017,-84.1908,United Kingdom,['English'],True,False,False,False,False,False,False,False
Winchester,42.4518,-71.1463,United Kingdom,['English'],True,False,False,False,False,False,False,False
Winchester,35.1898,-86.1075,United Kingdom,['English'],True,False,False,False,False,False,False,False
Winchester,41.9219,-73.1028,United Kingdom,['English'],True,False,False,False,False,False,False,False
Soledad,36.4434,-121.3431,Colombia,['Spanish'],False,True,False,False,False,False,False,False
San Lorenzo,37.6737,-122.1349,Paraguay,"['Spanish', 'Guarani']",False,True,False,False,False,False,False,False
San Lorenzo,37.6737,-122.1349,Puerto Rico,"['Spanish', 'English']",True,True,False,False,False,False,False,False
San Lorenzo,37.6737,-122.1349,Argentina,['Spanish'],False,True,False,False,False,False,False,False
San Lorenzo,37.6737,-122.1349,Bolivia,"['Spanish', 'Quechua', 'Aymara']",False,True,False,False,False,False,False,False
San Fernando,34.2886,-118.4363,Trinidad And Tobago,['English'],True,False,False,False,False,False,False,False
San Fernando,34.2886,-118.4363,Venezuela,['Spanish'],False,True,False,False,False,False,False,False
San Fernando,34.2886,-118.4363,Mexico,['Spanish'],False,True,False,False,False,False,False,False
San Fernando,34.2886,-118.4363,Philippines,"['Filipino', 'English']",True,False,False,False,False,False,False,False
San Fernando,34.2886,-118.4363,Philippines,"['Filipino', 'English']",True,False,False,False,False,False,False,False
San Fernando,34.2886,-118.4363,Chile,['Spanish'],False,True,False,False,False,False,False,False
La Palma,33.8504,-118.0406,Panama,['Spanish'],False,True,False,False,False,False,False,False
Newport,39.0855,-84.4868,United Kingdom,['English'],True,False,False,False,False,False,False,False
Newport,39.0855,-84.4868,United Kingdom,['English'],True,False,False,False,False,False,False,False
Newport,41.4803,-71.3205,United Kingdom,['English'],True,False,False,False,False,False,False,False
Newport,41.4803,-71.3205,United Kingdom,['English'],True,False,False,False,False,False,False,False
Newport,44.6231,-124.0524,United Kingdom,['English'],True,False,False,False,False,False,False,False
Newport,44.6231,-124.0524,United Kingdom,['English'],True,False,False,False,False,False,False,False
Newport,35.9617,-83.1977,United Kingdom,['English'],True,False,False,False,False,False,False,False
Newport,35.9617,-83.1977,United Kingdom,['English'],True,False,False,False,False,False,False,False
Newport,35.6234,-91.2322,United Kingdom,['English'],True,False,False,False,False,False,False,False
Newport,35.6234,-91.2322,United Kingdom,['English'],True,False,False,False,False,False,False,False
Newport,43.3649,-72.2001,United Kingdom,['English'],True,False,False,False,False,False,False,False
Newport,43.3649,-72.2001,United Kingdom,['English'],True,False,False,False,False,False,False,False
Kingston,41.2652,-75.8875,Jamaica,['English'],True,False,False,False,False,False,False,False
Kingston,41.2652,-75.8875,Canada,"['English', 'French']",True,False,True,False,False,False,False,False
Kingston,41.2652,-75.8875,Australia,['English'],True,False,False,False,False,False,False,False
Kingston,41.9295,-73.9968,Jamaica,['English'],True,False,False,False,False,False,False,False
Kingston,41.9295,-73.9968,Canada,"['English', 'French']",True,False,True,False,False,False,False,False
Kingston,41.9295,-73.9968,Australia,['English'],True,False,False,False,False,False,False,False
Kingston,41.9862,-70.7482,Jamaica,['English'],True,False,False,False,False,False,False,False
Kingston,41.9862,-70.7482,Canada,"['English', 'French']",True,False,True,False,False,False,False,False
Kingston,41.9862,-70.7482,Australia,['English'],True,False,False,False,False,False,False,False
Kingston,41.4738,-71.5236,Jamaica,['English'],True,False,False,False,False,False,False,False
Kingston,41.4738,-71.5236,Canada,"['English', 'French']",True,False,True,False,False,False,False,False
Kingston,41.4738,-71.5236,Australia,['English'],True,False,False,False,False,False,False,False
Kingston,35.8713,-84.4959,Jamaica,['English'],True,False,False,False,False,False,False,False
Kingston,35.8713,-84.4959,Canada,"['English', 'French']",True,False,True,False,False,False,False,False
Kingston,35.8713,-84.4959,Australia,['English'],True,False,False,False,False,False,False,False
Kingston,42.9156,-71.0665,Jamaica,['English'],True,False,False,False,False,False,False,False
Kingston,42.9156,-71.0665,Canada,"['English', 'French']",True,False,True,False,False,False,False,False
Kingston,42.9156,-71.0665,Australia,['English'],True,False,False,False,False,False,False,False
Newman,37.3157,-121.0211,Australia,['English'],True,False,False,False,False,False,False,False
Bristol,40.1028,-74.853,United Kingdom,['English'],True,False,False,False,False,False,False,False
Bristol,36.5572,-82.2154,United Kingdom,['English'],True,False,False,False,False,False,False,False
Bristol,41.6812,-72.9407,United Kingdom,['English'],True,False,False,False,False,False,False,False
Bristol,41.6827,-71.2694,United Kingdom,['English'],True,False,False,False,False,False,False,False
Bristol,36.6179,-82.1607,United Kingdom,['English'],True,False,False,False,False,False,False,False
Bristol,42.5378,-88.0149,United Kingdom,['English'],True,False,False,False,False,False,False,False
Derby,39.8401,-104.9171,United Kingdom,['English'],True,False,False,False,False,False,False,False
Derby,37.5571,-97.2552,United Kingdom,['English'],True,False,False,False,False,False,False,False
Derby,41.3265,-73.0833,United Kingdom,['English'],True,False,False,False,False,False,False,False
Bogota,40.8751,-74.0293,Colombia,['Spanish'],False,True,False,False,False,False,False,False
Guadalupe,34.9608,-120.5735,Sao Tome And Principe,['Portuguese'],False,False,False,False,False,False,True,False
Guadalupe,33.3664,-111.9633,Sao Tome And Principe,['Portuguese'],False,False,False,False,False,False,True,False
Plymouth,41.2404,-75.9505,United Kingdom,['English'],True,False,False,False,False,False,False,False
Plymouth,45.0224,-93.4615,United Kingdom,['English'],True,False,False,False,False,False,False,False
Plymouth,41.8783,-70.6309,United Kingdom,['English'],True,False,False,False,False,False,False,False
Plymouth,41.3482,-86.3187,United Kingdom,['English'],True,False,False,False,False,False,False,False
Plymouth,41.6642,-73.0263,United Kingdom,['English'],True,False,False,False,False,False,False,False
Plymouth,42.3719,-83.468,United Kingdom,['English'],True,False,False,False,False,False,False,False
Plymouth,43.7451,-87.9656,United Kingdom,['English'],True,False,False,False,False,False,False,False
Plymouth,43.7437,-71.7224,United Kingdom,['English'],True,False,False,False,False,False,False,False
Kensington,37.9084,-122.2805,United Kingdom,['English'],True,False,False,False,False,False,False,False
Kensington,41.6298,-72.7714,United Kingdom,['English'],True,False,False,False,False,False,False,False
San Marcos,33.135,-117.1743,Guatemala,['Spanish'],False,True,False,False,False,False,False,False
San Marcos,29.8736,-97.938,Guatemala,['Spanish'],False,True,False,False,False,False,False,False
Mandeville,30.375,-90.0906,Jamaica,['English'],True,False,False,False,False,False,False,False
Portsmouth,36.8468,-76.354,United Kingdom,['English'],True,False,False,False,False,False,False,False
Portsmouth,43.058,-70.7826,United Kingdom,['English'],True,False,False,False,False,False,False,False
Portsmouth,38.7539,-82.9446,United Kingdom,['English'],True,False,False,False,False,False,False,False
Portsmouth,41.5922,-71.2744,United Kingdom,['English'],True,False,False,False,False,False,False,False
Florence,34.1782,-79.7872,Italy,['Italian'],False,False,False,False,False,True,False,False
Florence,34.8303,-87.6654,Italy,['Italian'],False,False,False,False,False,True,False,False
Florence,38.99,-84.6471,Italy,['Italian'],False,False,False,False,False,True,False,False
Florence,33.059,-111.4209,Italy,['Italian'],False,False,False,False,False,True,False,False
Florence,40.0978,-74.7886,Italy,['Italian'],False,False,False,False,False,True,False,False
Florence,43.9913,-124.1062,Italy,['Italian'],False,False,False,False,False,True,False,False
Florence,38.3835,-105.1114,Italy,['Italian'],False,False,False,False,False,True,False,False
Hamilton,40.2046,-74.6765,Canada,"['English', 'French']",True,False,True,False,False,False,False,False
Hamilton,40.2046,-74.6765,New Zealand,"['English', 'Maori']",True,False,False,False,False,False,False,False
Hamilton,40.2046,-74.6765,United Kingdom,['English'],True,False,False,False,False,False,False,False
Hamilton,40.2046,-74.6765,Bermuda,['English'],True,False,False,False,False,False,False,False
Hamilton,40.2046,-74.6765,Australia,['English'],True,False,False,False,False,False,False,False
Hamilton,39.3938,-84.5652,Canada,"['English', 'French']",True,False,True,False,False,False,False,False
Hamilton,39.3938,-84.5652,New Zealand,"['English', 'Maori']",True,False,False,False,False,False,False,False
Hamilton,39.3938,-84.5652,United Kingdom,['English'],True,False,False,False,False,False,False,False
Hamilton,39.3938,-84.5652,Bermuda,['English'],True,False,False,False,False,False,False,False
Hamilton,39.3938,-84.5652,Australia,['English'],True,False,False,False,False,False,False,False
Hamilton,42.6267,-70.858,Canada,"['English', 'French']",True,False,True,False,False,False,False,False
Hamilton,42.6267,-70.858,New Zealand,"['English', 'Maori']",True,False,False,False,False,False,False,False
Hamilton,42.6267,-70.858,United Kingdom,['English'],True,False,False,False,False,False,False,False
Hamilton,42.6267,-70.858,Bermuda,['English'],True,False,False,False,False,False,False,False
Hamilton,42.6267,-70.858,Australia,['English'],True,False,False,False,False,False,False,False
Hamilton,46.2527,-114.1598,Canada,"['English', 'French']",True,False,True,False,False,False,False,False
Hamilton,46.2527,-114.1598,New Zealand,"['English', 'Maori']",True,False,False,False,False,False,False,False
Hamilton,46.2527,-114.1598,United Kingdom,['English'],True,False,False,False,False,False,False,False
Hamilton,46.2527,-114.1598,Bermuda,['English'],True,False,False,False,False,False,False,False
Hamilton,46.2527,-114.1598,Australia,['English'],True,False,False,False,False,False,False,False
Hamilton,34.1346,-87.9755,Canada,"['English', 'French']",True,False,True,False,False,False,False,False
Hamilton,34.1346,-87.9755,New Zealand,"['English', 'Maori']",True,False,False,False,False,False,False,False
Hamilton,34.1346,-87.9755,United Kingdom,['English'],True,False,False,False,False,False,False,False
Hamilton,34.1346,-87.9755,Bermuda,['English'],True,False,False,False,False,False,False,False
Hamilton,34.1346,-87.9755,Australia,['English'],True,False,False,False,False,False,False,False
Melbourne,28.1085,-80.6627,Australia,['English'],True,False,False,False,False,False,False,False
Warwick,41.7062,-71.4334,United Kingdom,['English'],True,False,False,False,False,False,False,False
Warwick,41.7062,-71.4334,Australia,['English'],True,False,False,False,False,False,False,False
Warwick,41.2551,-74.355,United Kingdom,['English'],True,False,False,False,False,False,False,False
Warwick,41.2551,-74.355,Australia,['English'],True,False,False,False,False,False,False,False
Parma,41.3843,-81.7286,Italy,['Italian'],False,False,False,False,False,True,False,False
Parma,41.3843,-81.7286,Russia,['Russian'],False,False,False,False,False,False,False,False
Parma,43.2651,-77.7968,Italy,['Italian'],False,False,False,False,False,True,False,False
Parma,43.2651,-77.7968,Russia,['Russian'],False,False,False,False,False,False,False,False
San Ramon,37.7625,-121.9365,Peru,['Spanish'],False,True,False,False,False,False,False,False
San Ramon,37.7625,-121.9365,Bolivia,"['Spanish', 'Quechua', 'Aymara']",False,True,False,False,False,False,False,False
Bethlehem,40.6266,-75.3679,South Africa,"['Afrikaans', 'English', 'isiXhosa', 'isiZulu', 'Sesotho', 'Setswana', 'siSwati', 'Tshivenda', 'Xitsonga', 'Sepedi', 'isiNdebele']",True,False,False,False,False,False,False,False
Bethlehem,42.5856,-73.8219,South Africa,"['Afrikaans', 'English', 'isiXhosa', 'isiZulu', 'Sesotho', 'Setswana', 'siSwati', 'Tshivenda', 'Xitsonga', 'Sepedi', 'isiNdebele']",True,False,False,False,False,False,False,False
Georgetown,30.6668,-97.6953,Guyana,['English'],True,False,False,False,False,False,False,False
Georgetown,30.6668,-97.6953,"Saint Helena, Ascension, And Tristan Da Cunha",['English'],True,False,False,False,False,False,False,False
Georgetown,30.6668,-97.6953,Australia,['English'],True,False,False,False,False,False,False,False
Georgetown,38.2251,-84.5481,Guyana,['English'],True,False,False,False,False,False,False,False
Georgetown,38.2251,-84.5481,"Saint Helena, Ascension, And Tristan Da Cunha",['English'],True,False,False,False,False,False,False,False
Georgetown,38.2251,-84.5481,Australia,['English'],True,False,False,False,False,False,False,False
Georgetown,31.9849,-81.226,Guyana,['English'],True,False,False,False,False,False,False,False
Georgetown,31.9849,-81.226,"Saint Helena, Ascension, And Tristan Da Cunha",['English'],True,False,False,False,False,False,False,False
Georgetown,31.9849,-81.226,Australia,['English'],True,False,False,False,False,False,False,False
Georgetown,33.3595,-79.2958,Guyana,['English'],True,False,False,False,False,False,False,False
Georgetown,33.3595,-79.2958,"Saint Helena, Ascension, And Tristan Da Cunha",['English'],True,False,False,False,False,False,False,False
Georgetown,33.3595,-79.2958,Australia,['English'],True,False,False,False,False,False,False,False
Georgetown,38.6899,-75.3872,Guyana,['English'],True,False,False,False,False,False,False,False
Georgetown,38.6899,-75.3872,"Saint Helena, Ascension, And Tristan Da Cunha",['English'],True,False,False,False,False,False,False,False
Georgetown,38.6899,-75.3872,Australia,['English'],True,False,False,False,False,False,False,False
Georgetown,42.724,-70.9821,Guyana,['English'],True,False,False,False,False,False,False,False
Georgetown,42.724,-70.9821,"Saint Helena, Ascension, And Tristan Da Cunha",['English'],True,False,False,False,False,False,False,False
Georgetown,42.724,-70.9821,Australia,['English'],True,False,False,False,False,False,False,False
Lima,40.741,-84.1121,Peru,['Spanish'],False,True,False,False,False,False,False,False
Victoria,28.8285,-96.985,Seychelles,"['Seychellois Creole', 'English', 'French']",True,False,True,False,False,False,False,False
Victoria,28.8285,-96.985,Canada,"['English', 'French']",True,False,True,False,False,False,False,False
Victoria,28.8285,-96.985,Malta,"['Maltese', 'English']",True,False,False,False,False,False,False,False
Victoria,28.8285,-96.985,Argentina,['Spanish'],False,True,False,False,False,False,False,False
Victoria,28.8285,-96.985,Chile,['Spanish'],False,True,False,False,False,False,False,False
Victoria,44.8634,-93.6586,Seychelles,"['Seychellois Creole', 'English', 'French']",True,False,True,False,False,False,False,False
Victoria,44.8634,-93.6586,Canada,"['English', 'French']",True,False,True,False,False,False,False,False
Victoria,44.8634,-93.6586,Malta,"['Maltese', 'English']",True,False,False,False,False,False,False,False
Victoria,44.8634,-93.6586,Argentina,['Spanish'],False,True,False,False,False,False,False,False
Victoria,44.8634,-93.6586,Chile,['Spanish'],False,True,False,False,False,False,False,False
Wellington,26.6464,-80.2706,New Zealand,"['English', 'Maori']",True,False,False,False,False,False,False,False
Wellington,40.7007,-105.0057,New Zealand,"['English', 'Maori']",True,False,False,False,False,False,False,False
Wellington,37.2622,-97.4281,New Zealand,"['English', 'Maori']",True,False,False,False,False,False,False,False
Gloucester,39.7924,-75.0363,United Kingdom,['English'],True,False,False,False,False,False,False,False
Gloucester,42.626,-70.6897,United Kingdom,['English'],True,False,False,False,False,False,False,False
Rome,34.2662,-85.1862,Italy,['Italian'],False,False,False,False,False,True,False,False
Rome,43.226,-75.491,Italy,['Italian'],False,False,False,False,False,True,False,False
Dublin,37.7161,-121.8964,Ireland,"['Irish', 'English']",True,False,False,False,False,False,False,False
Dublin,40.1112,-83.1453,Ireland,"['Irish', 'English']",True,False,False,False,False,False,False,False
Dublin,32.5359,-82.9279,Ireland,"['Irish', 'English']",True,False,False,False,False,False,False,False
Bangor,44.8322,-68.7906,United Kingdom,['English'],True,False,False,False,False,False,False,False
Bangor,40.8678,-75.2085,United Kingdom,['English'],True,False,False,False,False,False,False,False
San Rafael,37.9904,-122.5222,Argentina,['Spanish'],False,True,False,False,False,False,False,False
San Rafael,37.9904,-122.5222,Bolivia,"['Spanish', 'Quechua', 'Aymara']",False,True,False,False,False,False,False,False
Taunton,41.9036,-71.0943,United Kingdom,['English'],True,False,False,False,False,False,False,False
Stratford,41.207,-73.1305,New Zealand,"['English', 'Maori']",True,False,False,False,False,False,False,False
Stratford,39.829,-75.0156,New Zealand,"['English', 'Maori']",True,False,False,False,False,False,False,False
Bedford,32.8464,-97.135,United Kingdom,['English'],True,False,False,False,False,False,False,False
Bedford,42.9407,-71.5302,United Kingdom,['English'],True,False,False,False,False,False,False,False
Bedford,41.225,-73.6678,United Kingdom,['English'],True,False,False,False,False,False,False,False
Bedford,38.8602,-86.4895,United Kingdom,['English'],True,False,False,False,False,False,False,False
Bedford,42.497,-71.2783,United Kingdom,['English'],True,False,False,False,False,False,False,False
Bedford,41.3919,-81.5359,United Kingdom,['English'],True,False,False,False,False,False,False,False
Bedford,37.336,-79.5179,United Kingdom,['English'],True,False,False,False,False,False,False,False
Enfield,41.9839,-72.5548,United Kingdom,['English'],True,False,False,False,False,False,False,False
Linden,40.6251,-74.2381,Guyana,['English'],True,False,False,False,False,False,False,False
Oviedo,28.658,-81.1872,Spain,['Spanish'],False,True,False,False,False,False,False,False
Brighton,39.9716,-104.7964,United Kingdom,['English'],True,False,False,False,False,False,False,False
Brighton,43.1175,-77.5835,United Kingdom,['English'],True,False,False,False,False,False,False,False
Brighton,42.5298,-83.7847,United Kingdom,['English'],True,False,False,False,False,False,False,False
London,37.1209,-84.0804,United Kingdom,['English'],True,False,False,False,False,False,False,False
London,37.1209,-84.0804,Canada,"['English', 'French']",True,False,True,False,False,False,False,False
London,39.8936,-83.4375,United Kingdom,['English'],True,False,False,False,False,False,False,False
London,39.8936,-83.4375,Canada,"['English', 'French']",True,False,True,False,False,False,False,False
Monrovia,34.165,-117.9921,Liberia,['English'],True,False,False,False,False,False,False,False
San Juan,26.1903,-98.152,Argentina,['Spanish'],False,True,False,False,False,False,False,False
San Juan,26.1903,-98.152,Puerto Rico,"['Spanish', 'English']",True,True,False,False,False,False,False,False
San Juan,26.1903,-98.152,Dominican Republic,['Spanish'],False,True,False,False,False,False,False,False
San Juan,26.1903,-98.152,Philippines,"['Filipino', 'English']",True,False,False,False,False,False,False,False
Shrewsbury,42.2842,-71.7154,United Kingdom,['English'],True,False,False,False,False,False,False,False
Shrewsbury,38.5866,-90.3282,United Kingdom,['English'],True,False,False,False,False,False,False,False
Dunedin,28.0329,-82.7863,New Zealand,"['English', 'Maori']",True,False,False,False,False,False,False,False
Chelmsford,42.6,-71.3631,United Kingdom,['English'],True,False,False,False,False,False,False,False
Coventry,41.6933,-71.6611,United Kingdom,['English'],True,False,False,False,False,False,False,False
Coventry,41.7828,-72.3394,United Kingdom,['English'],True,False,False,False,False,False,False,False
Socorro,31.6384,-106.2601,Colombia,['Spanish'],False,True,False,False,False,False,False,False
Socorro,34.0543,-106.9066,Colombia,['Spanish'],False,True,False,False,False,False,False,False
Valparaiso,41.4782,-87.0507,Chile,['Spanish'],False,True,False,False,False,False,False,False
Valparaiso,41.4782,-87.0507,Mexico,['Spanish'],False,True,False,False,False,False,False,False
Derry,42.8888,-71.2804,United Kingdom,['English'],True,False,False,False,False,False,False,False
Warsaw,41.2443,-85.8478,Poland,['Polish'],False,False,False,False,False,False,False,False
Oxford,34.3609,-89.5286,United Kingdom,['English'],True,False,False,False,False,False,False,False
Oxford,39.5061,-84.7434,United Kingdom,['English'],True,False,False,False,False,False,False,False
Oxford,33.5966,-85.869,United Kingdom,['English'],True,False,False,False,False,False,False,False
Oxford,42.1286,-71.8665,United Kingdom,['English'],True,False,False,False,False,False,False,False
Oxford,41.4313,-73.135,United Kingdom,['English'],True,False,False,False,False,False,False,False
Oxford,36.3156,-78.5848,United Kingdom,['English'],True,False,False,False,False,False,False,False
Oxford,39.7859,-75.9801,United Kingdom,['English'],True,False,False,False,False,False,False,False
Falmouth,41.5915,-70.5914,Jamaica,['English'],True,False,False,False,False,False,False,False
Falmouth,43.7476,-70.2827,Jamaica,['English'],True,False,False,False,False,False,False,False
San Luis,32.4911,-114.7089,Argentina,['Spanish'],False,True,False,False,False,False,False,False
San Luis,32.4911,-114.7089,Guatemala,['Spanish'],False,True,False,False,False,False,False,False
Livingston,40.7855,-74.3291,United Kingdom,['English'],True,False,False,False,False,False,False,False
Livingston,40.7855,-74.3291,Guatemala,['Spanish'],False,True,False,False,False,False,False,False
Livingston,37.3875,-120.7248,United Kingdom,['English'],True,False,False,False,False,False,False,False
Livingston,37.3875,-120.7248,Guatemala,['Spanish'],False,True,False,False,False,False,False,False
Livingston,45.6665,-110.5538,United Kingdom,['English'],True,False,False,False,False,False,False,False
Livingston,45.6665,-110.5538,Guatemala,['Spanish'],False,True,False,False,False,False,False,False
Rotterdam,42.8133,-74.0129,Netherlands,['Dutch'],False,False,False,False,False,False,False,True
Geneva,42.8644,-76.9827,Switzerland,"['German', 'French', 'Italian', 'Romansh']",False,False,True,False,True,True,False,False
Geneva,41.8833,-88.3242,Switzerland,"['German', 'French', 'Italian', 'Romansh']",False,False,True,False,True,True,False,False
Geneva,41.8006,-80.9462,Switzerland,"['German', 'French', 'Italian', 'Romansh']",False,False,True,False,True,True,False,False
Aberdeen,46.9757,-123.8095,United Kingdom,['English'],True,False,False,False,False,False,False,False
Aberdeen,45.4646,-98.468,United Kingdom,['English'],True,False,False,False,False,False,False,False
Aberdeen,40.4165,-74.2249,United Kingdom,['English'],True,False,False,False,False,False,False,False
Aberdeen,39.5146,-76.173,United Kingdom,['English'],True,False,False,False,False,False,False,False
Aberdeen,35.1351,-79.4319,United Kingdom,['English'],True,False,False,False,False,False,False,False
Windsor,41.871,-72.6736,Canada,"['English', 'French']",True,False,True,False,False,False,False,False
Windsor,41.871,-72.6736,Canada,"['English', 'French']",True,False,True,False,False,False,False,False
Windsor,38.5418,-122.8086,Canada,"['English', 'French']",True,False,True,False,False,False,False,False
Windsor,38.5418,-122.8086,Canada,"['English', 'French']",True,False,True,False,False,False,False,False
Windsor,40.4679,-104.9211,Canada,"['English', 'French']",True,False,True,False,False,False,False,False
Windsor,40.4679,-104.9211,Canada,"['English', 'French']",True,False,True,False,False,False,False,False
Windsor,43.2406,-89.2952,Canada,"['English', 'French']",True,False,True,False,False,False,False,False
Windsor,43.2406,-89.2952,Canada,"['English', 'French']",True,False,True,False,False,False,False,False
Northampton,42.3266,-72.6745,United Kingdom,['English'],True,False,False,False,False,False,False,False
Northampton,40.6866,-75.4904,United Kingdom,['English'],True,False,False,False,False,False,False,False
Bella Vista,36.4667,-94.2707,Paraguay,"['Spanish', 'Guarani']",False,True,False,False,False,False,False,False
Sunbury,40.8617,-76.7874,Australia,['English'],True,False,False,False,False,False,False,False
Sunbury,40.2485,-82.8803,Australia,['English'],True,False,False,False,False,False,False,False
Hobart,41.5139,-87.2729,Australia,['English'],True,False,False,False,False,False,False,False
Hobart,44.4966,-88.1602,Australia,['English'],True,False,False,False,False,False,False,False
Hobart,47.412,-121.996,Australia,['English'],True,False,False,False,False,False,False,False
Westport,41.1428,-73.3475,New Zealand,"['English', 'Maori']",True,False,False,False,False,False,False,False
Westport,41.5886,-71.0837,New Zealand,"['English', 'Maori']",True,False,False,False,False,False,False,False
Gladstone,39.2133,-94.5592,Australia,['English'],True,False,False,False,False,False,False,False
Gladstone,45.3864,-122.5933,Australia,['English'],True,False,False,False,False,False,False,False
Lewes,38.7781,-75.1454,United Kingdom,['English'],True,False,False,False,False,False,False,False
Stafford,39.7049,-74.2643,United Kingdom,['English'],True,False,False,False,False,False,False,False
Stafford,29.6271,-95.5653,United Kingdom,['English'],True,False,False,False,False,False,False,False
Stafford,41.9876,-72.3122,United Kingdom,['English'],True,False,False,False,False,False,False,False
Wakefield,42.5035,-71.0656,United Kingdom,['English'],True,False,False,False,False,False,False,False
Wakefield,43.5916,-71.0098,United Kingdom,['English'],True,False,False,False,False,False,False,False
Medina,41.1358,-81.8694,Saudi Arabia,['Arabic'],False,False,False,True,False,False,False,False
Medina,43.2197,-78.3888,Saudi Arabia,['Arabic'],False,False,False,True,False,False,False,False
Medina,45.0326,-93.5834,Saudi Arabia,['Arabic'],False,False,False,True,False,False,False,False
Paris,33.6689,-95.5462,France,['French'],False,False,True,False,False,False,False,False
Paris,38.2016,-84.2719,France,['French'],False,False,True,False,False,False,False,False
Paris,36.2933,-88.3065,France,['French'],False,False,True,False,False,False,False,False
Paris,39.6148,-87.6905,France,['French'],False,False,True,False,False,False,False,False
Paris,44.2445,-70.4883,France,['French'],False,False,True,False,False,False,False,False
Moscow,46.7307,-116.9986,Russia,['Russian'],False,False,False,False,False,False,False,False
Palatka,29.6493,-81.6704,Russia,['Russian'],False,False,False,False,False,False,False,False
Yarmouth,41.6768,-70.2248,Canada,"['English', 'French']",True,False,True,False,False,False,False,False
Yarmouth,43.7978,-70.1719,Canada,"['English', 'French']",True,False,True,False,False,False,False,False
Seymour,38.9477,-85.8912,Australia,['English'],True,False,False,False,False,False,False,False
Seymour,41.381,-73.0873,Australia,['English'],True,False,False,False,False,False,False,False
Seymour,35.8761,-83.7742,Australia,['English'],True,False,False,False,False,False,False,False
Venice,27.1164,-82.4135,Italy,['Italian'],False,False,False,False,False,True,False,False
Munster,41.5469,-87.504,Germany,['German'],False,False,False,False,True,False,False,False
Naples,26.1505,-81.7936,Italy,['Italian'],False,False,False,False,False,True,False,False
Amsterdam,42.942,-74.1907,Netherlands,['Dutch'],False,False,False,False,False,False,False,True
Happy Valley,45.4382,-122.5143,Canada,"['English', 'French']",True,False,True,False,False,False,False,False
Berlin,41.6114,-72.7758,Germany,['German'],False,False,False,False,True,False,False,False
Berlin,44.4869,-71.2599,Germany,['German'],False,False,False,False,True,False,False,False
Berlin,39.7915,-74.9375,Germany,['German'],False,False,False,False,True,False,False,False
Stephenville,32.2148,-98.2205,Canada,"['English', 'French']",True,False,True,False,False,False,False,False
Ottawa,41.3532,-88.8307,Canada,"['English', 'French']",True,False,True,False,False,False,False,False
Ottawa,38.6,-95.2642,Canada,"['English', 'French']",True,False,True,False,False,False,False,False
Ottawa,41.0203,-84.0354,Canada,"['English', 'French']",True,False,True,False,False,False,False,False
Punta Gorda,26.8934,-82.0516,Belize,['English'],True,False,False,False,False,False,False,False
Durango,37.2744,-107.8703,Mexico,['Spanish'],False,True,False,False,False,False,False,False
Scarborough,43.5911,-70.3682,United Kingdom,['English'],True,False,False,False,False,False,False,False
Scarborough,43.5911,-70.3682,Trinidad And Tobago,['English'],True,False,False,False,False,False,False,False
Carlisle,40.1999,-77.2043,United Kingdom,['English'],True,False,False,False,False,False,False,False
Carlisle,39.5807,-84.3201,United Kingdom,['English'],True,False,False,False,False,False,False,False
Carlisle,42.53,-71.3513,United Kingdom,['English'],True,False,False,False,False,False,False,False
Waterford,41.3692,-72.1483,Ireland,"['Irish', 'English']",True,False,False,False,False,False,False,False
Waterford,39.7415,-74.8207,Ireland,"['Irish', 'English']",True,False,False,False,False,False,False,False
Waterford,37.6429,-120.7553,Ireland,"['Irish', 'English']",True,False,False,False,False,False,False,False
Waterford,42.7646,-88.2158,Ireland,"['Irish', 'English']",True,False,False,False,False,False,False,False
Ennis,32.3239,-96.6377,Ireland,"['Irish', 'English']",True,False,False,False,False,False,False,False
Sudbury,42.3847,-71.4234,Canada,"['English', 'French']",True,False,True,False,False,False,False,False
Grafton,42.2085,-71.6838,Australia,['English'],True,False,False,False,False,False,False,False
Grafton,43.3204,-87.9481,Australia,['English'],True,False,False,False,False,False,False,False
Grafton,41.2808,-82.0368,Australia,['English'],True,False,False,False,False,False,False,False
Grafton,39.341,-80.0161,Australia,['English'],True,False,False,False,False,False,False,False
Melville,40.7823,-73.4088,Canada,"['English', 'French']",True,False,True,False,False,False,False,False
Pembroke,42.0655,-70.8014,Malta,"['Maltese', 'English']",True,False,False,False,False,False,False,False
Pembroke,42.0655,-70.8014,Canada,"['English', 'French']",True,False,True,False,False,False,False,False
Pembroke,34.6766,-79.1934,Malta,"['Maltese', 'English']",True,False,False,False,False,False,False,False
Pembroke,34.6766,-79.1934,Canada,"['English', 'French']",True,False,True,False,False,False,False,False
Pembroke,43.1803,-71.45,Malta,"['Maltese', 'English']",True,False,False,False,False,False,False,False
Pembroke,43.1803,-71.45,Canada,"['English', 'French']",True,False,True,False,False,False,False,False
El Dorado,33.2184,-92.664,Mexico,['Spanish'],False,True,False,False,False,False,False,False
El Dorado,33.2184,-92.664,Venezuela,['Spanish'],False,True,False,False,False,False,False,False
El Dorado,37.8209,-96.8614,Mexico,['Spanish'],False,True,False,False,False,False,False,False
El Dorado,37.8209,-96.8614,Venezuela,['Spanish'],False,True,False,False,False,False,False,False
Ada,34.7686,-96.6689,Serbia,['Serbian'],False,False,False,False,False,False,False,False
Ada,40.768,-83.8252,Serbia,['Serbian'],False,False,False,False,False,False,False,False
Maitland,28.6295,-81.3718,Australia,['English'],True,False,False,False,False,False,False,False
Colonia,40.5929,-74.3151,"Micronesia, Federated States Of",['English'],True,False,False,False,False,False,False,False
Versailles,38.0488,-84.726,France,['French'],False,False,True,False,False,False,False,False
Mercedes,26.1533,-97.9129,Uruguay,['Spanish'],False,True,False,False,False,False,False,False
Mercedes,26.1533,-97.9129,Argentina,['Spanish'],False,True,False,False,False,False,False,False
Mercedes,26.1533,-97.9129,Argentina,['Spanish'],False,True,False,False,False,False,False,False
Vienna,38.8996,-77.2597,Austria,['German'],False,False,False,False,True,False,False,False
Vienna,39.3238,-81.5383,Austria,['German'],False,False,False,False,True,False,False,False
Vienna,43.2344,-75.7777,Austria,['German'],False,False,False,False,True,False,False,False
Douglas,31.3602,-109.5394,Isle Of Man,"['English', 'Manx Gaelic']",True,False,False,False,False,False,False,False
Douglas,31.5065,-82.8543,Isle Of Man,"['English', 'Manx Gaelic']",True,False,False,False,False,False,False,False
Douglas,42.7541,-105.3968,Isle Of Man,"['English', 'Manx Gaelic']",True,False,False,False,False,False,False,False
Douglas,42.0525,-71.7516,Isle Of Man,"['English', 'Manx Gaelic']",True,False,False,False,False,False,False,False
Jasper,38.3934,-86.9404,Canada,"['English', 'French']",True,False,True,False,False,False,False,False
Jasper,33.8514,-87.2719,Canada,"['English', 'French']",True,False,True,False,False,False,False,False
Jasper,30.9221,-93.9947,Canada,"['English', 'French']",True,False,True,False,False,False,False,False
Jasper,34.4709,-84.4496,Canada,"['English', 'French']",True,False,True,False,False,False,False,False
Griffith,41.5279,-87.424,Australia,['English'],True,False,False,False,False,False,False,False
Belgrade,45.7796,-111.1751,Serbia,['Serbian'],False,False,False,False,False,False,False,False
Hereford,34.8232,-102.4001,United Kingdom,['English'],True,False,False,False,False,False,False,False
Damascus,39.2737,-77.2006,Syria,['Arabic'],False,False,False,True,False,False,False,False
Damascus,45.4239,-122.447,Syria,['Arabic'],False,False,False,True,False,False,False,False
Glasgow,39.6015,-75.7474,United Kingdom,['English'],True,False,False,False,False,False,False,False
Glasgow,37.0047,-85.9263,United Kingdom,['English'],True,False,False,False,False,False,False,False
Thompson,41.6474,-74.6745,Canada,"['English', 'French']",True,False,True,False,False,False,False,False
Thompson,41.9798,-71.8735,Canada,"['English', 'French']",True,False,True,False,False,False,False,False
Kerman,36.7249,-120.0625,Iran,['Persian'],False,False,False,False,False,False,False,False
Exeter,42.9901,-70.9646,United Kingdom,['English'],True,False,False,False,False,False,False,False
Exeter,36.294,-119.1459,United Kingdom,['English'],True,False,False,False,False,False,False,False
Exeter,41.3338,-75.8214,United Kingdom,['English'],True,False,False,False,False,False,False,False
Exeter,41.5658,-71.6307,United Kingdom,['English'],True,False,False,False,False,False,False,False
Horsham,40.1825,-75.1387,Australia,['English'],True,False,False,False,False,False,False,False
Bridgetown,39.1551,-84.6359,Barbados,['English'],True,False,False,False,False,False,False,False
Uxbridge,42.0593,-71.638,United Kingdom,['English'],True,False,False,False,False,False,False,False
Ipswich,42.6857,-70.8399,United Kingdom,['English'],True,False,False,False,False,False,False,False
Verona,40.8323,-74.243,Italy,['Italian'],False,False,False,False,False,True,False,False
Verona,42.9884,-89.5381,Italy,['Italian'],False,False,False,False,False,True,False,False
Verona,43.1592,-75.6189,Italy,['Italian'],False,False,False,False,False,True,False,False
Warrington,30.3821,-87.2944,United Kingdom,['English'],True,False,False,False,False,False,False,False
San Marino,34.1224,-118.1132,San Marino,['Italian'],False,False,False,False,False,True,False,False
Cornwall,41.4195,-74.054,Canada,"['English', 'French']",True,False,True,False,False,False,False,False
Woolwich,39.7401,-75.317,United Kingdom,['English'],True,False,False,False,False,False,False,False
Leeds,33.5429,-86.5636,United Kingdom,['English'],True,False,False,False,False,False,False,False
Rehoboth,41.8439,-71.2456,Namibia,['English'],True,False,False,False,False,False,False,False
Newcastle,47.5303,-122.1633,Australia,['English'],True,False,False,False,False,False,False,False
Newcastle,35.2404,-97.5998,Australia,['English'],True,False,False,False,False,False,False,False
Dudley,42.055,-71.9352,United Kingdom,['English'],True,False,False,False,False,False,False,False
Delhi,37.4306,-120.7759,India,"['Hindi', 'English']",True,False,False,False,False,False,False,False
Winton,37.3854,-120.6173,Australia,['English'],True,False,False,False,False,False,False,False
Ravenna,41.1613,-81.2421,Italy,['Italian'],False,False,False,False,False,True,False,False
Bradford,41.9604,-78.6413,United Kingdom,['English'],True,False,False,False,False,False,False,False
Roma,26.4166,-99.0061,Australia,['English'],True,False,False,False,False,False,False,False
Leicester,42.24,-71.912,United Kingdom,['English'],True,False,False,False,False,False,False,False
Southport,42.04,-76.8774,United Kingdom,['English'],True,False,False,False,False,False,False,False
Wyndham,37.6924,-77.6123,Australia,['English'],True,False,False,False,False,False,False,False
Southampton,39.9137,-74.7171,United Kingdom,['English'],True,False,False,False,False,False,False,False
Southampton,42.2308,-72.7386,United Kingdom,['English'],True,False,False,False,False,False,False,False
Rodeo,38.0368,-122.2526,Argentina,['Spanish'],False,True,False,False,False,False,False,False
Philipsburg,40.8952,-78.2147,Sint Maarten,"['Dutch', 'English']",True,False,False,False,False,False,False,True
Croydon,40.0911,-74.8975,United Kingdom,['English'],True,False,False,False,False,False,False,False
Progress,40.2905,-76.8382,Russia,['Russian'],False,False,False,False,False,False,False,False
Hamburg,42.7233,-78.8348,Germany,['German'],False,False,False,False,True,False,False,False
Marathon,24.7262,-81.0376,Canada,"['English', 'French']",True,False,True,False,False,False,False,False
Potsdam,44.6699,-74.9831,Germany,['German'],False,False,False,False,True,False,False,False
La Plata,38.5352,-76.9701,Argentina,['Spanish'],False,True,False,False,False,False,False,False
Cairo,30.879,-84.205,Egypt,['Arabic'],False,False,False,True,False,False,False,False
Cairo,42.2965,-74.0205,Egypt,['Arabic'],False,False,False,True,False,False,False,False
Sheffield,34.7559,-87.7007,United Kingdom,['English'],True,False,False,False,False,False,False,False
Glencoe,42.1347,-87.7641,New Zealand,"['English', 'Maori']",True,False,False,False,False,False,False,False
Glencoe,44.7699,-94.1513,New Zealand,"['English', 'Maori']",True,False,False,False,False,False,False,False
Glencoe,33.9446,-85.9319,New Zealand,"['English', 'Maori']",True,False,False,False,False,False,False,False
Stuttgart,34.4963,-91.5486,Germany,['German'],False,False,False,False,True,False,False,False
Dumbarton,37.613,-77.5065,United Kingdom,['English'],True,False,False,False,False,False,False,False
Bath,43.9346,-69.8346,United Kingdom,['English'],True,False,False,False,False,False,False,False
Bath,42.3363,-77.318,United Kingdom,['English'],True,False,False,False,False,False,False,False
Trinidad,37.175,-104.4908,Bolivia,"['Spanish', 'Quechua', 'Aymara']",False,True,False,False,False,False,False,False
Trinidad,37.175,-104.4908,Uruguay,['Spanish'],False,True,False,False,False,False,False,False
Trinidad,37.175,-104.4908,Uruguay,['Spanish'],False,True,False,False,False,False,False,False
Island Lake,42.2784,-88.1999,Canada,"['English', 'French']",True,False,True,False,False,False,False,False
Mecca,33.5767,-116.0645,Saudi Arabia,['Arabic'],False,False,False,True,False,False,False,False
Milan,42.0815,-83.6854,Italy,['Italian'],False,False,False,False,False,True,False,False
Milan,35.9126,-88.7554,Italy,['Italian'],False,False,False,False,False,True,False,False
Milan,41.4416,-90.5595,Italy,['Italian'],False,False,False,False,False,True,False,False
Creston,41.0597,-94.365,Canada,"['English', 'French']",True,False,True,False,False,False,False,False
Inverness,42.1152,-88.1019,United Kingdom,['English'],True,False,False,False,False,False,False,False
Inverness,28.8397,-82.3437,United Kingdom,['English'],True,False,False,False,False,False,False,False
San Martin,37.0829,-121.5963,Argentina,['Spanish'],False,True,False,False,False,False,False,False
San Martin,37.0829,-121.5963,Colombia,['Spanish'],False,True,False,False,False,False,False,False
Atherton,37.4539,-122.2032,Australia,['English'],True,False,False,False,False,False,False,False
Springs,41.0212,-72.1584,South Africa,"['Afrikaans', 'English', 'isiXhosa', 'isiZulu', 'Sesotho', 'Setswana', 'siSwati', 'Tshivenda', 'Xitsonga', 'Sepedi', 'isiNdebele']",True,False,False,False,False,False,False,False
Belen,34.6803,-106.7875,Paraguay,"['Spanish', 'Guarani']",False,True,False,False,False,False,False,False
Belen,34.6803,-106.7875,Argentina,['Spanish'],False,True,False,False,False,False,False,False
Kiel,43.9167,-88.0266,Germany,['German'],False,False,False,False,True,False,False,False
Bremen,33.7086,-85.1498,Germany,['German'],False,False,False,False,True,False,False,False
Theodore,30.5408,-88.1884,Australia,['English'],True,False,False,False,False,False,False,False
Genoa,42.0929,-88.6966,Italy,['Italian'],False,False,False,False,False,True,False,False
Darlington,34.3015,-79.8672,United Kingdom,['English'],True,False,False,False,False,False,False,False
Hopedale,42.1248,-71.535,Canada,"['English', 'French']",True,False,True,False,False,False,False,False
Jordan,44.6652,-93.6351,Philippines,"['Filipino', 'English']",True,False,False,False,False,False,False,False
Progreso,26.0962,-97.9566,Mexico,['Spanish'],False,True,False,False,False,False,False,False
Nazareth,40.74,-75.3132,Israel,['Hebrew'],False,False,False,False,False,False,False,False
Clare,43.8259,-84.763,Australia,['English'],True,False,False,False,False,False,False,False
Salamanca,42.1631,-78.7233,Mexico,['Spanish'],False,True,False,False,False,False,False,False
Salamanca,42.1631,-78.7233,Spain,['Spanish'],False,True,False,False,False,False,False,False
Salamanca,42.1631,-78.7233,Chile,['Spanish'],False,True,False,False,False,False,False,False
Lisbon,40.7752,-80.7628,Portugal,['Portuguese'],False,False,False,False,False,False,True,False
Lisbon,44.0265,-70.09,Portugal,['Portuguese'],False,False,False,False,False,False,True,False
Paola,38.5784,-94.8619,Malta,"['Maltese', 'English']",True,False,False,False,False,False,False,False
Dumfries,38.567,-77.3233,United Kingdom,['English'],True,False,False,False,False,False,False,False
Montevideo,44.9505,-95.7154,Uruguay,['Spanish'],False,True,False,False,False,False,False,False
Concordia,39.5669,-97.6466,Argentina,['Spanish'],False,True,False,False,False,False,False,False
Concordia,39.5669,-97.6466,Brazil,['Portuguese'],False,False,False,False,False,False,True,False
Sutton,42.1337,-71.7503,United Kingdom,['English'],True,False,False,False,False,False,False,False
Freetown,41.7714,-71.0157,Sierra Leone,['English'],True,False,False,False,False,False,False,False
Halifax,41.9914,-70.8633,Canada,"['English', 'French']",True,False,True,False,False,False,False,False
Halifax,41.9914,-70.8633,United Kingdom,['English'],True,False,False,False,False,False,False,False
Shelburne,44.3905,-73.2413,Canada,"['English', 'French']",True,False,True,False,False,False,False,False
Kula,20.7706,-156.3284,Serbia,['Serbian'],False,False,False,False,False,False,False,False
Newbury,42.7706,-70.8747,United Kingdom,['English'],True,False,False,False,False,False,False,False
Peterborough,42.8905,-71.9394,United Kingdom,['English'],True,False,False,False,False,False,False,False
Peterborough,42.8905,-71.9394,Canada,"['English', 'French']",True,False,True,False,False,False,False,False
Peterborough,42.8905,-71.9394,Australia,['English'],True,False,False,False,False,False,False,False
Orleans,41.7665,-69.9675,France,['French'],False,False,True,False,False,False,False,False
Palermo,39.4313,-121.5226,Italy,['Italian'],False,False,False,False,False,True,False,False
Riga,43.0802,-77.8753,Latvia,['Latvian'],False,False,False,False,False,False,False,False
Bolton,42.4362,-71.6073,United Kingdom,['English'],True,False,False,False,False,False,False,False
Hanover,45.1558,-93.66635,Germany,['German'],False,False,False,False,True,False,False,False
Havana,40.307,-90.0602,Cuba,['Spanish'],False,True,False,False,False,False,False,False
Syracuse,43.0469,-76.1444,Italy,['Italian'],False,False,False,False,False,True,False,False
Zurich,39.23222,-99.43472,Switzerland,"['German', 'French', 'Italian', 'Romansh']",False,False,True,False,True,True,False,False
